{
  "asOn": "2025-12-22T07:30:05.477Z",
  "gold24K": 13460.654999999999,
  "gold22K": 12383.8,
  "gold18K": 10095.49,
  "silver": 208.06305,
  "silverJewelry": 191.42
}