{
  "asOn": "2025-12-22T11:16:38.139Z",
  "gold24K": 13467.382500000002,
  "gold22K": 12389.99,
  "gold18K": 10100.54,
  "silver": 208.42965,
  "silverJewelry": 191.76
}