{
  "asOn": "2025-12-22T11:10:07.200Z",
  "gold24K": 13469.429999999998,
  "gold22K": 12391.88,
  "gold18K": 10102.07,
  "silver": 208.33215,
  "silverJewelry": 191.67
}