{
  "asOn": "2025-12-22T09:45:05.293Z",
  "gold24K": 13470.502499999999,
  "gold22K": 12392.86,
  "gold18K": 10102.88,
  "silver": 208.14397499999998,
  "silverJewelry": 191.49
}