{
  "asOn": "2025-12-24T10:30:08.397Z",
  "gold24K": 13736.970000000001,
  "gold22K": 12638.01,
  "gold18K": 10302.73,
  "silver": 219.740625,
  "silverJewelry": 202.16
}