{
  "asOn": "2025-12-22T08:05:07.293Z",
  "gold24K": 13453.439999999999,
  "gold22K": 12377.16,
  "gold18K": 10090.08,
  "silver": 207.894375,
  "silverJewelry": 191.26
}