{
  "asOn": "2025-12-20T08:40:05.053Z",
  "gold24K": 13263.314999999999,
  "gold22K": 12202.25,
  "gold18K": 9947.49,
  "silver": 202.99499999999998,
  "silverJewelry": 186.76
}