{
  "asOn": "2025-12-20T08:45:05.314Z",
  "gold24K": 13260.779999999999,
  "gold22K": 12199.92,
  "gold18K": 9945.58,
  "silver": 202.99499999999998,
  "silverJewelry": 186.76
}