{
  "asOn": "2025-12-22T07:45:05.499Z",
  "gold24K": 13465.627499999999,
  "gold22K": 12388.38,
  "gold18K": 10099.22,
  "silver": 207.97920000000002,
  "silverJewelry": 191.34
}