{
  "asOn": "2025-12-27T10:30:07.147Z",
  "gold24K": 14044.289999999999,
  "gold22K": 12920.75,
  "gold18K": 10533.22,
  "silver": 235.496625,
  "silverJewelry": 216.66
}