{
  "asOn": "2025-12-22T10:10:05.041Z",
  "gold24K": 13478.595000000001,
  "gold22K": 12400.31,
  "gold18K": 10108.95,
  "silver": 208.416975,
  "silverJewelry": 191.74
}