{
  "asOn": "2025-12-22T08:35:06.953Z",
  "gold24K": 13447.102499999999,
  "gold22K": 12371.33,
  "gold18K": 10085.33,
  "silver": 207.29865,
  "silverJewelry": 190.71
}