{
  "asOn": "2025-12-22T07:10:05.020Z",
  "gold24K": 13461.727499999999,
  "gold22K": 12384.79,
  "gold18K": 10096.3,
  "silver": 208.032825,
  "silverJewelry": 191.39
}