{
  "asOn": "2025-12-22T06:55:05.560Z",
  "gold24K": 13463.970000000001,
  "gold22K": 12386.85,
  "gold18K": 10097.98,
  "silver": 208.50277499999999,
  "silverJewelry": 191.82
}