{
  "asOn": "2025-12-22T11:30:05.041Z",
  "gold24K": 13472.257500000002,
  "gold22K": 12394.48,
  "gold18K": 10104.19,
  "silver": 208.455975,
  "silverJewelry": 191.78
}