{
  "asOn": "2025-12-22T09:40:05.366Z",
  "gold24K": 13469.820000000002,
  "gold22K": 12392.23,
  "gold18K": 10102.37,
  "silver": 208.16055,
  "silverJewelry": 191.51
}