{
  "asOn": "2025-12-22T10:40:07.387Z",
  "gold24K": 13472.647500000001,
  "gold22K": 12394.84,
  "gold18K": 10104.49,
  "silver": 208.41015,
  "silverJewelry": 191.74
}