{
  "asOn": "2025-12-20T10:00:04.880Z",
  "gold24K": 13264.289999999999,
  "gold22K": 12203.15,
  "gold18K": 9948.22,
  "silver": 202.99499999999998,
  "silverJewelry": 186.76
}