{
  "asOn": "2025-12-15T04:57:24.921Z",
  "gold24K": 13271.200499999999,
  "gold22K": 12209.5,
  "gold18K": 9953.4,
  "silver": 185.74495,
  "silverJewelry": 170.89
}