{
  "asOn": "2025-12-22T06:45:07.099Z",
  "gold24K": 13440.179999999998,
  "gold22K": 12364.97,
  "gold18K": 10080.13,
  "silver": 208.29705,
  "silverJewelry": 191.63
}