{
  "asOn": "2025-12-22T10:20:06.581Z",
  "gold24K": 13478.789999999999,
  "gold22K": 12400.49,
  "gold18K": 10109.09,
  "silver": 208.469625,
  "silverJewelry": 191.79
}