{
  "asOn": "2025-12-22T09:25:04.841Z",
  "gold24K": 13471.282500000001,
  "gold22K": 12393.58,
  "gold18K": 10103.46,
  "silver": 208.08644999999999,
  "silverJewelry": 191.44
}