{
  "asOn": "2025-12-23T05:30:07.939Z",
  "gold24K": 13682.564999999999,
  "gold22K": 12587.96,
  "gold18K": 10261.92,
  "silver": 210.01694999999998,
  "silverJewelry": 193.22
}