{
  "asOn": "2025-12-22T08:10:05.211Z",
  "gold24K": 13459.679999999998,
  "gold22K": 12382.91,
  "gold18K": 10094.76,
  "silver": 207.87390000000002,
  "silverJewelry": 191.24
}