{
  "asOn": "2025-12-22T06:40:07.201Z",
  "gold24K": 13428.772500000001,
  "gold22K": 12354.47,
  "gold18K": 10071.58,
  "silver": 208.30485,
  "silverJewelry": 191.64
}