{
  "asOn": "2025-12-22T08:20:07.970Z",
  "gold24K": 13447.882500000002,
  "gold22K": 12372.05,
  "gold18K": 10085.91,
  "silver": 207.525825,
  "silverJewelry": 190.92
}