{
  "asOn": "2025-12-24T13:30:09.151Z",
  "gold24K": 13731.314999999999,
  "gold22K": 12632.81,
  "gold18K": 10298.49,
  "silver": 219.257025,
  "silverJewelry": 201.72
}