{
  "asOn": "2025-12-25T10:30:06.539Z",
  "gold24K": 13752.960000000001,
  "gold22K": 12652.72,
  "gold18K": 10314.72,
  "silver": 218.17575000000002,
  "silverJewelry": 200.72
}