{
  "asOn": "2025-12-25T14:30:05.055Z",
  "gold24K": 13758.029999999999,
  "gold22K": 12657.39,
  "gold18K": 10318.52,
  "silver": 218.17575000000002,
  "silverJewelry": 200.72
}