{
  "asOn": "2025-12-22T10:25:05.423Z",
  "gold24K": 13476.352499999999,
  "gold22K": 12398.24,
  "gold18K": 10107.26,
  "silver": 208.506675,
  "silverJewelry": 191.83
}