{
  "asOn": "2025-12-18T14:35:08.662Z",
  "gold24K": 13258.887999999999,
  "gold22K": 12198.18,
  "gold18K": 9944.17,
  "silver": 195.73325,
  "silverJewelry": 180.07
}